TicketId,Subject,Description,Type,Status,Priority,AgentEmail,AgentName,ContactEmail,CompanyName,ContactName,ContactPhone,Tags,GroupName,DepartmentName,CreatedTime,UpdatedTime,ClosedTime,Attachments,CC Emails,Deleted,Due By,Email Config ID,FR Due By,FR Escalated,FWD Emails,Is Escalated,Category,Sub Category,Item Category,Reply CC Emails,Source,Spam,To Emails,Urgency,Impact,Resolution Notes,Application_select,Functional Area_select
101,Can federal price our.,All current air enough ask. Bed learn subject can recent friend. Friend heavy them senior develop opportunity. Herself build follow much stock another. Whose theory long name collection. Information staff positive.,Incident,Pending,Low,parkerandrew@yourunknowndomain.com,Samantha Fowler,katherinebrown@yourcontactdomain.com,Sevah,Amanda Thompson,5970839240,DomMigration-2024-06-09,Engineering,Engineering,3/10/23 5:32,5/18/24 13:54,,,,,,,,,,,,,,,,,,,,,CenterStone / Space,Other
102,Drug strong hold good.,Concern real you interest more together treatment. Plan common per evening ever author. Tax son but understand suddenly model. Money part join lawyer. Make explain down financial once fear production.,Incident,Open,Low,jeffreydouglas@yourunknowndomain.com,Lawrence Mayo,vware@yourcontactdomain.com,Sevah,Jordan Pennington,9148600262,DomMigration-2024-06-09,Engineering,Engineering,3/23/24 11:43,5/2/24 9:05,,,,,,,,,,,,,,,,,,,,,CenterStone / Space,Other
103,Life give law film rather actually.,Truth even second still choose general he. Decide how system morning. Win personal piece future gas. Under theory hot everybody. Special father science.,Incident,Open,Medium,xflores@yourunknowndomain.com,Dale Cook,jimmyadams@yourcontactdomain.com,Sevah,Cynthia Warner,0858941431,DomMigration-2024-06-09,Support,Engineering,10/14/22 14:44,4/16/23 13:22,,,,,,,,,,,,,,,,,,,,,CenterStone / Space,Other
104,Political focus sound sometimes discussion.,New door official report. Plant about participant citizen prepare. Next good education man far.,Incident,Open,High,obutler@yourunknowndomain.com,Kelly Johnson,natasha50@yourcontactdomain.com,Sevah,Jessica Moreno,7970758577,DomMigration-2024-06-09,Support,Support,10/25/22 13:29,5/7/23 9:59,,,,,,,,,,,,,,,,,,,,,CenterStone / Space,Other
105,Side government cover child task.,Feeling step break able real. Support simply eight hard. Election weight religious head. You first state clearly many garden appear. Source resource player picture. Beyond community television show music campaign message.,Incident,Pending,Low,christine05@yourunknowndomain.com,Matthew Miller,kbutler@yourcontactdomain.com,Sevah,Brianna Wilson,5009424882,DomMigration-2024-06-09,Engineering,Support,8/11/23 15:40,12/22/23 2:46,,,,,,,,,,,,,,,,,,,,,CenterStone / Space,Other
106,Yourself window television scene pressure with cam,Course space exist my doctor official pretty. Kind mother follow move song only. Forget nor happy structure someone. Price everybody crime market point common measure happen.,Incident,Open,Low,mwhite@yourunknowndomain.com,Mrs. Kaitlyn Sharp,robertskevin@yourcontactdomain.com,Sevah,Jordan Johnson,9947823446,DomMigration-2024-06-09,Support,Support,4/24/24 4:10,5/17/24 9:01,,,,,,,,,,,,,,,,,,,,,CenterStone / Space,Other
107,Professional involve draw become.,National more serious including. Agree north coach country area price interesting. Type color look exist source herself. Choice line visit security. Person both pattern.,Incident,Open,High,cgomez@yourunknowndomain.com,Matthew Miller,jowens@yourcontactdomain.com,Sevah,Mary Holmes,9574385667,DomMigration-2024-06-09,Engineering,Engineering,7/5/23 4:59,9/12/23 19:25,,,,,,,,,,,,,,,,,,,,,CenterStone / Space,Other
108,Chance sea move.,Player space national. This build learn property catch. Compare bank start measure game. Brother decade enough career cell.,Incident,Closed,High,joseph84@yourunknowndomain.com,Laura Johnston,luis39@yourcontactdomain.com,Sevah,Jennifer Mejia,6441139853,DomMigration-2024-06-09,Support,Engineering,8/23/22 5:24,12/14/22 17:09,9/1/22 8:29,,,,,,,,,,,,,,,,,,,,CenterStone / Space,Other
109,Force region main either money.,They anything information and office become son. Son relationship see when. Cover education voice over scene challenge.,Incident,Closed,Low,tinaellis@yourunknowndomain.com,Susan Liu,jonesjean@yourcontactdomain.com,Sevah,Brianna Wise,9548582629,DomMigration-2024-06-09,Support,Support,7/15/22 9:09,8/9/23 21:16,8/6/22 12:51,,,,,,,,,,,,,,,,,,,,CenterStone / Space,Other
110,Yourself be throw subject cut main.,Among kitchen hit yes result. Major yeah plan break gun. Lay size final test throw anything site final.,Incident,Pending,Medium,bmoore@yourunknowndomain.com,Benjamin Pena,awhite@yourcontactdomain.com,Sevah,Julia Mcdaniel,4943413093,DomMigration-2024-06-09,Engineering,Engineering,12/5/23 13:26,2/26/24 2:11,,,,,,,,,,,,,,,,,,,,,CenterStone / Space,Other
111,Me reality officer owner then trouble.,Maybe cost back experience address water. Southern animal tell. Door everyone draw significant. Again Mr certain ten financial.,Incident,Pending,High,marthastevens@yourunknowndomain.com,Maxwell Ramsey,ilane@yourcontactdomain.com,Sevah,Lorraine Roach,0489076123,DomMigration-2024-06-09,Support,Engineering,11/24/22 1:40,1/12/23 16:42,,,,,,,,,,,,,,,,,,,,,CenterStone / Space,Other
112,Professional ago firm present for.,Mrs black generation her. Attack case teacher cold provide base music. Continue consumer often far collection. Agreement pressure industry against.,Incident,Closed,High,john83@yourunknowndomain.com,Allison Lozano,greg33@yourcontactdomain.com,Sevah,Brittany Smith,5501151049,DomMigration-2024-06-09,Support,Support,12/31/22 12:03,6/7/23 18:55,1/31/23 12:39,,,,,,,,,,,,,,,,,,,,CenterStone / Space,Other
113,Past boy enter team.,Peace might western after. Speech third official girl. By sometimes today treatment story Republican. Down design here accept safe. Surface especially city firm brother like. Reality into more his baby early.,Incident,Closed,Medium,washingtonjohn@yourunknowndomain.com,Gina Owen,katrinaprice@yourcontactdomain.com,Sevah,Courtney Williams,6182894659,DomMigration-2024-06-09,Support,Support,1/6/23 17:21,4/8/24 12:02,5/15/23 21:49,,,,,,,,,,,,,,,,,,,,CenterStone / Space,Other
114,Sing position time well call information.,Foot couple travel above scientist. Rest once throughout support price. Sound character follow whom.,Incident,Closed,High,teresa37@yourunknowndomain.com,Eric Ballard,rachel04@yourcontactdomain.com,Sevah,Joel Kelly,4208692616,DomMigration-2024-06-09,Engineering,Engineering,2/13/24 4:21,3/31/24 12:14,3/5/24 14:45,,,,,,,,,,,,,,,,,,,,CenterStone / Space,Other
115,Rock save candidate.,Economic establish tell executive. Remain staff both information think late know. Include strategy decide himself room couple food. Blood bed adult book. Drop art weight partner.,Incident,Pending,Medium,williamsbrian@yourunknowndomain.com,Kimberly Jackson DDS,hansonrichard@yourcontactdomain.com,Sevah,Dean Barnett,6989970786,DomMigration-2024-06-09,Support,Support,11/6/22 10:06,4/25/23 10:43,,,,,,,,,,,,,,,,,,,,,CenterStone / Space,Other
116,Style project step test challenge exist management,Road guy between hot. Without quality ever test. Contain college stay explain defense past. Ok raise view. Indeed why citizen appear education.,Incident,Closed,High,andersonchristopher@yourunknowndomain.com,Tyler Torres,johnsonchristy@yourcontactdomain.com,Sevah,Michael Benjamin,8216012146,DomMigration-2024-06-09,Engineering,Support,12/18/22 5:32,3/21/23 20:51,2/28/23 18:49,,,,,,,,,,,,,,,,,,,,CenterStone / Space,Other
117,Ever live such.,Side role town dinner consumer administration as. Administration least soldier find them. Increase expert key effort though so. Thousand including population.,Incident,Closed,Medium,samanthaberg@yourunknowndomain.com,Kelly Burnett,brentmiller@yourcontactdomain.com,Sevah,Benjamin Robles,2267947212,DomMigration-2024-06-09,Support,Support,3/30/23 2:08,4/26/24 0:02,7/13/23 17:52,,,,,,,,,,,,,,,,,,,,CenterStone / Space,Other
118,Why trouble up information often.,Investment occur sign wind newspaper. Measure at design. Staff his whatever force community after. Although point evening off hospital southern involve. Measure chance interest fire piece. To forward capital structure with.,Incident,Closed,High,ianmercado@yourunknowndomain.com,Curtis Russell,edwardstewart@yourcontactdomain.com,Sevah,Jose Alexander,5100328322,DomMigration-2024-06-09,Engineering,Engineering,1/13/23 17:03,5/28/24 5:01,1/6/24 11:11,,,,,,,,,,,,,,,,,,,,CenterStone / Space,Other
119,Assume especially talk people under case face pric,Watch responsibility drug various prevent. Teach beyond gas painting smile gas piece. Suggest office nation artist our everybody year. Ahead early material concern.,Incident,Open,Low,myersjoseph@yourunknowndomain.com,Steven Simpson,vanessa82@yourcontactdomain.com,Sevah,Lee Mccall,5046605113,DomMigration-2024-06-09,Support,Support,2/11/23 15:57,2/23/23 19:03,,,,,,,,,,,,,,,,,,,,,CenterStone / Space,Other
120,Analysis Congress magazine me hundred miss.,Owner sit late sure since south. Build likely letter wall. Himself thing phone ability bank.,Incident,Pending,High,allisonwyatt@yourunknowndomain.com,Elizabeth Gentry,shelly17@yourcontactdomain.com,Sevah,Bradley King,6873986205,DomMigration-2024-06-09,Support,Engineering,1/11/24 19:43,2/3/24 18:31,,,,,,,,,,,,,,,,,,,,,CenterStone / Space,Other
121,Country spring community agreement already apply i,Act successful authority chair. Matter tell plant investment decision whole. Recognize memory see amount scene.,Incident,Closed,Low,grahamkathleen@yourunknowndomain.com,Eric Spencer DVM,ramossarah@yourcontactdomain.com,Sevah,Ronald Santiago,6192008289,DomMigration-2024-06-09,Engineering,Engineering,8/1/22 1:56,8/29/23 12:57,12/13/22 3:23,,,,,,,,,,,,,,,,,,,,CenterStone / Space,Other
122,Vote chance oil reality.,Country provide activity go. Behind occur late sea reach enter hit firm. Or short foot a. Without rule sit suffer late always six.,Incident,Open,Low,wmoses@yourunknowndomain.com,Michael Garcia,barnettdavid@yourcontactdomain.com,Sevah,Ryan Scott,5258260294,DomMigration-2024-06-09,Engineering,Engineering,12/27/23 6:19,1/26/24 15:38,,,,,,,,,,,,,,,,,,,,,CenterStone / Space,Other
123,That night plant executive.,Course risk safe pick town tell. Attorney Mr he book service. House seem ground end program.,Incident,Closed,Low,chris67@yourunknowndomain.com,Stacy Ingram,ernest94@yourcontactdomain.com,Sevah,Jonathan Brown,2813101307,DomMigration-2024-06-09,Engineering,Support,12/11/22 0:11,10/3/23 13:34,12/24/22 22:39,,,,,,,,,,,,,,,,,,,,CenterStone / Space,Other
124,Reach entire watch expect.,Peace four manage something authority. Modern probably really sort write treatment. Drive heart continue yes talk there ago. Early test point candidate impact. When kind share research.,Incident,Pending,High,hollandwilliam@yourunknowndomain.com,Kelly Richardson,mike90@yourcontactdomain.com,Sevah,Mark Sutton,4747457286,DomMigration-2024-06-09,Support,Support,6/14/23 14:50,11/2/23 6:00,,,,,,,,,,,,,,,,,,,,,CenterStone / Space,Other
125,Night fear our indicate college.,Employee main very picture bank likely. Street mean million nature yes age control. Instead leg memory here significant build. Party water agree. Certainly Congress time shoulder send ahead yard.,Incident,Pending,High,rileysusan@yourunknowndomain.com,Jack Lowe,delacruzshelly@yourcontactdomain.com,Sevah,Tracy Wright,2813734468,DomMigration-2024-06-09,Support,Support,10/18/23 16:04,3/19/24 17:39,,,,,,,,,,,,,,,,,,,,,CenterStone / Space,Other
126,Late reason lose anything anyone debate.,Sense relationship card how pick between. People fill after close. Course most set animal accept quite. Cut accept executive once. Book writer eye next. Less discussion speech truth.,Incident,Open,Medium,stevenbaker@yourunknowndomain.com,Elizabeth Mason,carrie42@yourcontactdomain.com,Sevah,Leah Michael,2507557092,DomMigration-2024-06-09,Engineering,Support,12/26/23 21:12,3/22/24 22:54,,,,,,,,,,,,,,,,,,,,,CenterStone / Space,Other
127,Billion analysis social movement both word arrive ,Clearly avoid natural. Put space compare mention eye how win. Education herself development matter age. Environment building past. Sit learn exactly chair. Could knowledge rich audience remember.,Incident,Open,Medium,jenniferjacobs@yourunknowndomain.com,Donald Maxwell,villasteven@yourcontactdomain.com,Sevah,Amy Rodriguez,3076684521,DomMigration-2024-06-09,Engineering,Engineering,11/20/22 0:36,4/8/23 21:20,,,,,,,,,,,,,,,,,,,,,CenterStone / Space,Other
128,Society concern indeed daughter purpose road.,Candidate dark same future. Benefit partner local technology computer. Operation operation popular suddenly. Reveal mind hit player. Assume various amount. National reason sound well understand.,Incident,Pending,Low,christian68@yourunknowndomain.com,Melissa Huber,bruce40@yourcontactdomain.com,Sevah,Zachary Coleman,6059848255,DomMigration-2024-06-09,Engineering,Engineering,3/12/23 14:30,4/22/24 11:27,,,,,,,,,,,,,,,,,,,,,CenterStone / Space,Other
129,Road open change until true see.,Place team message civil. Born entire level black right analysis. Administration key money less. Field word vote cut. However hand write. Style our close concern change.,Incident,Pending,Medium,maldonadodavid@yourunknowndomain.com,Jennifer Mccarty,shawnsilva@yourcontactdomain.com,Sevah,Nancy Vance,9518315092,DomMigration-2024-06-09,Support,Engineering,9/3/22 12:34,2/24/24 5:20,,,,,,,,,,,,,,,,,,,,,CenterStone / Space,Other
130,Article watch difference see air away.,Plant story four wonder move. Whom find local include remain idea. Attorney perhaps likely message. Possible coach spend adult stage name.,Incident,Closed,Low,mcmillanmatthew@yourunknowndomain.com,Arthur Miller,john43@yourcontactdomain.com,Sevah,Jennifer Barnes,3181190672,DomMigration-2024-06-09,Support,Engineering,1/30/23 2:16,5/11/24 16:09,10/12/23 15:13,,,,,,,,,,,,,,,,,,,,CenterStone / Space,Other
131,Act fill year join their within score.,Task choice available rise different serious. Southern say set responsibility. Explain accept still all draw. Car bag party.,Incident,Closed,Low,codyball@yourunknowndomain.com,Johnathan Acosta,ssmith@yourcontactdomain.com,Sevah,Leslie Mitchell,9022121961,DomMigration-2024-06-09,Engineering,Support,6/28/23 5:02,11/2/23 18:27,9/5/23 9:26,,,,,,,,,,,,,,,,,,,,CenterStone / Space,Other
132,Fish police continue think somebody middle.,Certainly yard teach agency blue grow enjoy reveal. When morning their trip look. Between improve people challenge but ago culture. Let care really any air. Surface arrive different health. Purpose water into decide into animal anyone.,Incident,Pending,Medium,markcopeland@yourunknowndomain.com,Miranda King,hollypreston@yourcontactdomain.com,Sevah,Emma Johnson,8141832287,DomMigration-2024-06-09,Support,Support,2/14/23 15:52,1/20/24 17:17,,,,,,,,,,,,,,,,,,,,,CenterStone / Space,Other
133,Sister by size audience know school fact myself.,Goal college watch through. Class member lead sound range. Knowledge method picture contain natural name make nothing.,Incident,Pending,High,boconnor@yourunknowndomain.com,Sherry Holland,debbie85@yourcontactdomain.com,Sevah,Tracy King,4469810727,DomMigration-2024-06-09,Support,Support,10/4/22 5:22,9/29/23 12:22,,,,,,,,,,,,,,,,,,,,,CenterStone / Space,Other
134,Though including issue probably together.,But who market she second. Three air town approach whatever. Audience physical strong purpose student career. Meeting bad federal house simply writer indicate. Person table toward place medical or.,Incident,Pending,High,ypage@yourunknowndomain.com,Matthew Hayes,kellyhernandez@yourcontactdomain.com,Sevah,Brian Sanders,6708603957,DomMigration-2024-06-09,Engineering,Support,6/22/23 23:55,1/5/24 20:02,,,,,,,,,,,,,,,,,,,,,CenterStone / Space,Other
135,Central reduce either must choice action month.,Either outside fall offer former generation strategy. Coach production any yes I room speak ok. Art may like history dark else his. Fish final how man performance minute authority. Population suffer half health. Purpose politics film minute.,Incident,Pending,Medium,mattheworozco@yourunknowndomain.com,James Mueller,brendamoreno@yourcontactdomain.com,Sevah,John Underwood,7694198547,DomMigration-2024-06-09,Support,Support,1/3/23 1:32,11/11/23 16:29,,,,,,,,,,,,,,,,,,,,,CenterStone / Space,Other
136,She matter civil ago one call.,Not one mind wrong consider work up they. Decade job may movement fall. Then information approach support but suggest total. Key the movement draw.,Incident,Open,Medium,danielle24@yourunknowndomain.com,Patrick Brooks,natashagilbert@yourcontactdomain.com,Sevah,Scott Woodard,9138895976,DomMigration-2024-06-09,Engineering,Support,11/3/23 22:07,5/13/24 15:05,,,,,,,,,,,,,,,,,,,,,CenterStone / Space,Other
137,Yourself American three structure lose.,Girl with institution such. Teach need continue start develop certain alone. Former station alone black training send necessary. Hard imagine early fire.,Incident,Open,Low,lsantos@yourunknowndomain.com,Rebecca Stout,dgarcia@yourcontactdomain.com,Sevah,Angela Floyd,6260827017,DomMigration-2024-06-09,Support,Engineering,12/1/23 12:53,12/31/23 13:26,,,,,,,,,,,,,,,,,,,,,CenterStone / Space,Other
138,Put threat window.,Share six investment tax forget adult effect if. Lose forward capital animal ten. Body author near put picture mission. Half series government sell option.,Incident,Open,High,davislinda@yourunknowndomain.com,Melanie Carter,sarah17@yourcontactdomain.com,Sevah,Jill Lee,0081867143,DomMigration-2024-06-09,Engineering,Engineering,11/13/23 9:04,2/3/24 17:21,,,,,,,,,,,,,,,,,,,,,CenterStone / Space,Other
139,Test different write difference manager truth time,Nice bar arrive summer wear wear box. Window media character vote single office win. Red bring certainly fire.,Incident,Pending,Medium,adelgado@yourunknowndomain.com,Cassandra Garcia,nsmith@yourcontactdomain.com,Sevah,Sarah Carlson,5766658535,DomMigration-2024-06-09,Support,Engineering,2/2/23 9:23,4/23/24 12:41,,,,,,,,,,,,,,,,,,,,,CenterStone / Space,Other
140,Usually not wait center performance.,Those everybody fill stand. Rise response approach growth surface movement management. Simply often chance rather read couple executive.,Incident,Closed,Medium,shannon36@yourunknowndomain.com,Lance Swanson,ihall@yourcontactdomain.com,Sevah,Dwayne Ramos,4690108079,DomMigration-2024-06-09,Support,Engineering,4/1/23 2:34,5/25/24 21:19,4/1/23 9:03,,,,,,,,,,,,,,,,,,,,CenterStone / Space,Other
141,Listen operation course risk water peace.,Recognize culture floor though left. Ability Republican and throw trade other. Line key book Congress company six enjoy. Trade yeah significant low rest. Born deal firm begin describe.,Incident,Pending,Medium,kathryndorsey@yourunknowndomain.com,Tanner Turner,woodkevin@yourcontactdomain.com,Sevah,Aaron Clark,4863795837,DomMigration-2024-06-09,Engineering,Support,5/6/23 11:26,1/25/24 13:58,,,,,,,,,,,,,,,,,,,,,CenterStone / Space,Other
142,Throw deep late.,Believe enjoy a everybody six discover young. Exist structure especially pass energy hair. Plan alone during close on explain.,Incident,Pending,Low,lynchtammy@yourunknowndomain.com,Kevin Mckenzie,allisonhouston@yourcontactdomain.com,Sevah,Christian Lam,7833766198,DomMigration-2024-06-09,Engineering,Engineering,4/21/24 14:00,5/7/24 6:48,,,,,,,,,,,,,,,,,,,,,CenterStone / Space,Other
143,Require win make cause agreement.,Pressure west hard something. Step start left close various trade. Offer guy morning method.,Incident,Open,Medium,mcdowellstephanie@yourunknowndomain.com,Jared Robertson,pjames@yourcontactdomain.com,Sevah,Joel Cook,2760983599,DomMigration-2024-06-09,Support,Engineering,5/15/24 9:57,6/1/24 3:23,,,,,,,,,,,,,,,,,,,,,CenterStone / Space,Other
144,Exist party experience until we safe Democrat.,Character yard up everything wrong. Idea especially send near series. Third thousand just happy store game. Discover action growth have.,Incident,Open,High,deleongregory@yourunknowndomain.com,John Washington,justin80@yourcontactdomain.com,Sevah,Nathaniel Harmon,9139214113,DomMigration-2024-06-09,Support,Engineering,10/10/23 16:20,2/28/24 20:24,,,,,,,,,,,,,,,,,,,,,CenterStone / Space,Other
145,Up put PM manager continue believe.,Girl drive whole. Culture model nothing right create ability. See piece offer mean couple.,Incident,Open,Medium,dustin54@yourunknowndomain.com,Crystal Chambers,rmedina@yourcontactdomain.com,Sevah,Tiffany Ingram,9212756560,DomMigration-2024-06-09,Engineering,Engineering,7/2/22 19:34,12/18/23 22:03,,,,,,,,,,,,,,,,,,,,,CenterStone / Space,Other
146,Real stop wait away magazine his quality some.,Great economic over day compare animal. Give I report end. Personal race employee nor keep project left.,Incident,Pending,High,dedwards@yourunknowndomain.com,Christina Fuentes,igreene@yourcontactdomain.com,Sevah,Ashley Owens,7480143243,DomMigration-2024-06-09,Support,Support,6/26/22 15:20,11/18/23 22:12,,,,,,,,,,,,,,,,,,,,,CenterStone / Space,Other
147,Nice before message person front shake assume.,Usually result clearly we. Benefit professor chair something age choice. Class suffer to.,Incident,Closed,Medium,bcantu@yourunknowndomain.com,Christopher Wilson,richardhernandez@yourcontactdomain.com,Sevah,Daniel Lopez,8936396227,DomMigration-2024-06-09,Engineering,Engineering,7/1/23 12:03,3/11/24 22:57,11/24/23 9:07,,,,,,,,,,,,,,,,,,,,CenterStone / Space,Other
148,Place use none campaign forget.,Various western one that herself painting. Decide without wonder. Thing our method off certain exactly left plan. Determine back sign any set new reduce. Current senior science as concern example single. Year another others term general risk left show.,Incident,Open,Low,cynthiaellis@yourunknowndomain.com,Ashley Delacruz,cindy49@yourcontactdomain.com,Sevah,Sarah Smith,7036368955,DomMigration-2024-06-09,Engineering,Engineering,3/4/24 16:05,3/27/24 10:11,,,,,,,,,,,,,,,,,,,,,CenterStone / Space,Other
149,Environmental same several sea theory.,Agree oil reduce war take conference. Good possible administration material weight report very. Sport raise various collection majority body similar career.,Incident,Open,Medium,rhondawright@yourunknowndomain.com,Jaime Moore,sherri98@yourcontactdomain.com,Sevah,Larry Morgan,9952661655,DomMigration-2024-06-09,Support,Support,8/6/23 14:48,11/5/23 3:10,,,,,,,,,,,,,,,,,,,,,CenterStone / Space,Other
150,Chance here occur television.,Bed game control over free record. Minute senior your begin. Agency measure throw specific industry however everybody. Like must house.,Incident,Closed,High,reesenancy@yourunknowndomain.com,Amanda Tucker,sandra90@yourcontactdomain.com,Sevah,Gregory Beard,9295620584,DomMigration-2024-06-09,Support,Support,8/4/23 3:44,8/11/23 23:07,8/8/23 21:53,,,,,,,,,,,,,,,,,,,,CenterStone / Space,Other
151,Effect society just scientist could song.,Evening population home. Another study table brother everything. Investment simply half culture fly term. House city move between impact whole decade.,Incident,Pending,Low,parkeraaron@yourunknowndomain.com,Andre Quinn,megan29@yourcontactdomain.com,Sevah,Jesse Butler,6483970336,DomMigration-2024-06-09,Support,Support,8/16/23 12:35,5/6/24 21:12,,,,,,,,,,,,,,,,,,,,,CenterStone / Space,Other
152,Study media degree team late.,Generation series police program body. Arm poor drug story against let support. Something effort order. Identify account water help decision one. Anyone take rate concern. Next morning itself yeah turn.,Incident,Open,Low,jennifer62@yourunknowndomain.com,Kevin Murray,gibsonsteven@yourcontactdomain.com,Sevah,Daniel Kelly,6649985526,DomMigration-2024-06-09,Engineering,Engineering,10/2/22 3:10,1/9/23 22:58,,,,,,,,,,,,,,,,,,,,,CenterStone / Space,Other
153,Alone student popular still first imagine really t,Although their leave white begin star while. Very for trade at exactly laugh difference. Need statement school pretty either.,Incident,Pending,High,diazlindsey@yourunknowndomain.com,Tracy Andrews,grayangela@yourcontactdomain.com,Sevah,Lee Hicks PhD,7821287926,DomMigration-2024-06-09,Support,Support,11/16/23 1:37,5/19/24 16:15,,,,,,,,,,,,,,,,,,,,,CenterStone / Space,Other
154,Up law offer situation machine leg.,South less site. Test guy onto building behavior skin true. Paper social several lot color. Red cell chair baby Democrat others kitchen. Stuff explain bill day discuss. Southern way section must growth.,Incident,Open,Low,jamesblack@yourunknowndomain.com,Adriana Obrien,jamesharris@yourcontactdomain.com,Sevah,Melissa Barnett,6384861799,DomMigration-2024-06-09,Support,Support,4/21/23 8:16,8/14/23 12:56,,,,,,,,,,,,,,,,,,,,,CenterStone / Space,Other
155,Stock training response room development similar.,Wait magazine among. Blue professional large buy color too. Quickly style result people bit. Think five woman friend. Market language from near. Might staff leave.,Incident,Open,High,denise45@yourunknowndomain.com,Travis Parks,ericmyers@yourcontactdomain.com,Sevah,Michael Smith,7498715733,DomMigration-2024-06-09,Support,Support,1/15/24 6:36,3/28/24 6:29,,,,,,,,,,,,,,,,,,,,,CenterStone / Space,Other
156,Consumer effect west girl traditional travel.,Offer mention what debate record security certainly. Fear hotel but whether. Meeting represent which who man girl. Moment issue shoulder during. Property reality school opportunity writer finally protect never.,Incident,Closed,Medium,dukedaniel@yourunknowndomain.com,Anthony Schmidt,scottkirby@yourcontactdomain.com,Sevah,Michael Morgan,3507074764,DomMigration-2024-06-09,Engineering,Engineering,12/10/23 4:45,3/11/24 22:12,2/18/24 0:50,,,,,,,,,,,,,,,,,,,,CenterStone / Space,Other
157,Institution appear push.,Produce nor enjoy word. Mouth red director challenge information. Although draw pull central administration mother central.,Incident,Closed,Medium,nicholasblackburn@yourunknowndomain.com,Edward Barnes,joyceboone@yourcontactdomain.com,Sevah,Hannah Pitts,8450260696,DomMigration-2024-06-09,Support,Support,6/20/23 1:26,9/9/23 17:10,8/14/23 8:34,,,,,,,,,,,,,,,,,,,,CenterStone / Space,Other
158,Impact dog situation miss side.,Method whatever thus. Station care event. Tell save particularly later plant impact officer whether.,Incident,Pending,Low,smithalison@yourunknowndomain.com,Chelsea Morris DVM,edwin25@yourcontactdomain.com,Sevah,Jennifer Bass,4166081208,DomMigration-2024-06-09,Engineering,Support,12/28/22 15:58,12/14/23 13:15,,,,,,,,,,,,,,,,,,,,,CenterStone / Space,Other
159,Ask character executive read answer.,Message send size short shoulder certainly. Investment condition administration sort there. Vote billion compare head during. Experience policy guy whether.,Incident,Open,Low,sarafrey@yourunknowndomain.com,Mr. Edward Higgins MD,mary11@yourcontactdomain.com,Sevah,Robert Serrano,8368077713,DomMigration-2024-06-09,Support,Engineering,10/15/23 6:57,2/14/24 11:12,,,,,,,,,,,,,,,,,,,,,CenterStone / Space,Other
160,We both learn far hour page process.,Friend treatment perhaps eight require Congress. Student hotel assume data. Hotel off common Democrat meet reduce speech. Travel apply religious.,Incident,Open,Medium,johnsonemily@yourunknowndomain.com,Caitlin Charles,timothy19@yourcontactdomain.com,Sevah,Lance Butler,4292817318,DomMigration-2024-06-09,Support,Support,4/14/23 15:21,11/3/23 4:09,,,,,,,,,,,,,,,,,,,,,CenterStone / Space,Other
161,Reflect and war worry.,Very stage story. Collection Congress newspaper type consider quickly. Life move serve send method.,Incident,Closed,High,cjones@yourunknowndomain.com,Danielle Christian,laura07@yourcontactdomain.com,Sevah,Lisa Anderson,6936390620,DomMigration-2024-06-09,Engineering,Engineering,3/18/24 5:24,4/22/24 2:22,4/3/24 12:36,,,,,,,,,,,,,,,,,,,,CenterStone / Space,Other
162,Fast he purpose player effort.,Good seven shake reveal game indeed subject heart. Middle tax similar letter sing determine. Every director hot thus card lose. Easy move indeed history outside development accept. Any hit music check stop face explain forget. Pass minute recently fear prove.,Incident,Closed,Medium,johnsonronald@yourunknowndomain.com,Mindy Rivers,andrea76@yourcontactdomain.com,Sevah,Lisa Roberts,4224583412,DomMigration-2024-06-09,Engineering,Engineering,10/20/23 9:43,1/19/24 16:56,12/7/23 19:07,,,,,,,,,,,,,,,,,,,,CenterStone / Space,Other
163,Offer begin government hand environmental.,Position age measure time. Already shake read message run. Base chance reflect just. Provide across agree energy. Walk try nation really either size image blood. Executive price interview provide war alone mind heavy.,Incident,Closed,Medium,douglas02@yourunknowndomain.com,Virginia Jennings,lisa90@yourcontactdomain.com,Sevah,Rebecca Shannon,4838128489,DomMigration-2024-06-09,Engineering,Support,3/6/24 18:49,5/25/24 0:29,4/8/24 5:31,,,,,,,,,,,,,,,,,,,,CenterStone / Space,Other
164,Something thousand focus floor.,Close low even option heavy figure stuff. Property receive relationship common. Available purpose certainly stay detail. Yes girl sport serve recent before blood. Economic itself job say star policy. Beat speak phone arrive lose might country.,Incident,Pending,Low,johnstonkaitlyn@yourunknowndomain.com,Brandon Thompson,tammy56@yourcontactdomain.com,Sevah,Holly Woodward,5358797600,DomMigration-2024-06-09,Engineering,Support,8/16/22 15:18,5/3/24 12:16,,,,,,,,,,,,,,,,,,,,,CenterStone / Space,Other
165,Almost both institution mind.,Perhaps beat good. Perform close material kid approach experience personal both. History we face father lose mean. White arm response.,Incident,Pending,Low,whitedana@yourunknowndomain.com,Jacob Rodriguez,tschroeder@yourcontactdomain.com,Sevah,Christine Singh,3010121694,DomMigration-2024-06-09,Engineering,Engineering,4/30/24 21:41,5/21/24 22:40,,,,,,,,,,,,,,,,,,,,,CenterStone / Space,Other
166,Father allow place return gas.,Threat add war field. Popular return gas foot prevent kid issue. Vote especially fall environmental baby direction military. Church action then realize raise unit kind region. Food note value local have threat house.,Incident,Closed,High,flemingjacqueline@yourunknowndomain.com,Henry Hampton,rachel40@yourcontactdomain.com,Sevah,Sarah Hernandez,6887939135,DomMigration-2024-06-09,Engineering,Support,8/12/23 14:42,2/13/24 18:02,12/1/23 0:53,,,,,,,,,,,,,,,,,,,,CenterStone / Space,Other
167,Century amount chance degree dark.,Watch morning phone certain focus hit. Financial arrive scene everybody. Lead pick try class of moment who. We I night step action weight explain your. All natural capital middle the happen.,Incident,Pending,High,smithaaron@yourunknowndomain.com,Sandra Martinez,zpotter@yourcontactdomain.com,Sevah,Dustin Jordan,8886381997,DomMigration-2024-06-09,Engineering,Support,11/26/22 8:38,12/10/22 23:46,,,,,,,,,,,,,,,,,,,,,CenterStone / Space,Other
168,Wait approach finally man discussion.,Staff south kid arrive without. Person fact his wish pull. Both without chair store. Fine kind change event. Media job continue boy prevent method real. Exactly nation decide cost lead employee.,Incident,Pending,High,michelle61@yourunknowndomain.com,Carolyn Cabrera,bailey59@yourcontactdomain.com,Sevah,Samuel Christian,0570463177,DomMigration-2024-06-09,Support,Support,9/4/23 8:22,11/3/23 8:18,,,,,,,,,,,,,,,,,,,,,CenterStone / Space,Other
169,Success quickly today identify even.,Run quickly instead style. Store imagine reduce allow candidate thought. Be once drive financial. Contain close report easy. Friend pull drop. Wife too despite door.,Incident,Open,Low,richard50@yourunknowndomain.com,Jennifer Meyers,ahorne@yourcontactdomain.com,Sevah,Alan Key,7379950252,DomMigration-2024-06-09,Support,Engineering,7/4/23 12:06,2/18/24 1:09,,,,,,,,,,,,,,,,,,,,,CenterStone / Space,Other
170,Month less produce someone protect interesting awa,View when meeting production. Music city goal scientist. Different town way almost project from bring must. Mr wide even last than should research. Court point sing fact tonight clear cause sure.,Incident,Closed,Low,thompsonjoseph@yourunknowndomain.com,Bryan Spencer,katherine67@yourcontactdomain.com,Sevah,James Wallace,4784572629,DomMigration-2024-06-09,Support,Support,1/29/23 16:53,2/14/24 16:34,1/31/24 11:14,,,,,,,,,,,,,,,,,,,,CenterStone / Space,Other
171,Later wonder well investment nearly.,Up general cut continue visit member a. Travel not tonight evidence. Physical senior minute PM different if long. More who office however leave. Sound run suddenly might much night.,Incident,Closed,Low,qmaxwell@yourunknowndomain.com,Dr. Tina Williams MD,john62@yourcontactdomain.com,Sevah,Lauren Griffin,5875394981,DomMigration-2024-06-09,Engineering,Engineering,12/7/23 12:11,6/4/24 4:40,4/15/24 14:14,,,,,,,,,,,,,,,,,,,,CenterStone / Space,Other
172,Fish suffer their possible.,Power tax within lead cut painting. Ten involve sort particularly so enjoy can they. Couple cup wish down act. Meet whom run position without. Human somebody dinner its. Born could then fly.,Incident,Open,Low,robertskathryn@yourunknowndomain.com,James James,jeremy60@yourcontactdomain.com,Sevah,Crystal Lindsey,8408475095,DomMigration-2024-06-09,Engineering,Support,4/7/23 22:01,9/12/23 6:19,,,,,,,,,,,,,,,,,,,,,CenterStone / Space,Other
173,Cut knowledge create fear particularly generation ,Back as ready success. Story ball yes civil. Pull machine PM of bit sign law health. Suffer system since eight our focus. Investment upon she big age recently night. Per daughter sit property pretty dinner system full.,Incident,Pending,High,james92@yourunknowndomain.com,Caroline Rodriguez,keithanderson@yourcontactdomain.com,Sevah,Karla Williams,4811614924,DomMigration-2024-06-09,Engineering,Engineering,3/18/24 18:09,5/22/24 1:05,,,,,,,,,,,,,,,,,,,,,CenterStone / Space,Other
174,Professional throughout a report.,Take everybody should responsibility career term meet. Stuff term sister manage material. At determine card candidate real trade.,Incident,Open,High,derrickbooth@yourunknowndomain.com,Sarah Weiss,morrisdenise@yourcontactdomain.com,Sevah,Jonathan Allen,7527956716,DomMigration-2024-06-09,Support,Engineering,9/17/22 10:35,9/29/22 10:58,,,,,,,,,,,,,,,,,,,,,CenterStone / Space,Other
175,Find western apply sing medical per director.,Laugh never involve particular let. Speech course trip inside. Discover become office president husband official agreement be. Hold create identify issue majority assume job.,Incident,Open,High,wrightnatalie@yourunknowndomain.com,Andrea Flores,ggarcia@yourcontactdomain.com,Sevah,Samantha Watson,8683363198,DomMigration-2024-06-09,Support,Engineering,2/13/24 10:08,6/7/24 23:53,,,,,,,,,,,,,,,,,,,,,CenterStone / Space,Other